{"cameraMode":{"drawMode":0,"name":"Shaded","section":"Shading Mode"},"sceneLighting":true,"audioPlay":false,"sceneViewState":{"showFog":true,"showMaterialUpdate":false,"showSkybox":true,"showFlares":true,"showImageEffects":true,"showParticleSystems":true},"in2DMode":false,"pivot":{"x":-28.685935974121095,"y":-7.786078453063965,"z":-10.137455940246582},"rotation":{"x":0.09103936702013016,"y":-0.5498818755149841,"z":0.06045177951455116,"w":0.8280767202377319},"size":31.1663818359375,"orthographic":false}