{"cameraMode":{"drawMode":0,"name":"Shaded","section":"Shading Mode"},"sceneLighting":true,"audioPlay":false,"sceneViewState":{"showFog":true,"showMaterialUpdate":false,"showSkybox":true,"showFlares":true,"showImageEffects":true,"showParticleSystems":true,"showVisualEffectGraphs":true,"m_FxEnabled":true},"in2DMode":false,"pivot":{"x":12.662545204162598,"y":10.583778381347657,"z":-36.57622146606445},"rotation":{"x":0.09103936702013016,"y":-0.5498818755149841,"z":0.06045177951455116,"w":0.8280767202377319},"size":21.487768173217775,"orthographic":false}